{
  "standardResults": {
    "datasetType": "standard",
    "timeTaken": 1141,
    "accuracy": 0.683,
    "precision": {
      "positive": 0.8113207547169812,
      "negative": 0.9306167400881057
    },
    "recall": {
      "positive": 0.9502762430939227,
      "negative": 0.7511111111111111
    },
    "f1Score": {
      "positive": 0.8753180661577609,
      "negative": 0.8312838170191833
    },
    "totalSamples": 3000,
    "correctPredictions": 2049,
    "neutralStats": {
      "total": 608,
      "missedPositives": 233,
      "missedNegatives": 375,
      "percentage": 20.266666666666666,
      "trueNeutrals": null
    }
  },
  "twitterResults": {
    "datasetType": "twitter",
    "timeTaken": 951354,
    "accuracy": 0.5333692437368764,
    "precision": {
      "positive": 0.663526230394808,
      "negative": 0.7691697067963789,
      "neutral": 0.001146577670399869
    },
    "recall": {
      "positive": 0.8177976269830689,
      "negative": 0.5941577079636781,
      "neutral": 0.001146577670399869
    },
    "f1Score": {
      "positive": 0.7326286874477488,
      "negative": 0.6704304557767047,
      "neutral": 0.001146577670399869
    },
    "totalSamples": 200499,
    "correctPredictions": 106940,
    "neutralStats": {
      "total": 48841,
      "missedPositives": 25209,
      "missedNegatives": 23576,
      "percentage": 24.359722492381508,
      "trueNeutrals": 56
    }
  },
  "additionalResults": {
    "datasetType": "additional",
    "timeTaken": 26784,
    "accuracy": 0.6301080746697718,
    "precision": {
      "positive": 0.5656656207978485,
      "negative": 0.6637763685777145,
      "neutral": 0.7247173366834171
    },
    "recall": {
      "positive": 0.744542772861357,
      "negative": 0.4687014529836425,
      "neutral": 0.7247173366834171
    },
    "f1Score": {
      "positive": 0.6428935303107489,
      "negative": 0.549437600428495,
      "neutral": 0.7247173366834171
    },
    "totalSamples": 27481,
    "correctPredictions": 17316,
    "neutralStats": {
      "total": 6368,
      "missedPositives": 600,
      "missedNegatives": 1153,
      "percentage": 23.172373639969436,
      "trueNeutrals": 4615
    }
  }
}