{
  "standardResults": {
    "datasetType": "standard",
    "timeTaken": 1132,
    "accuracy": 0.683,
    "precision": {
      "positive": 0.8113207547169812,
      "negative": 0.9306167400881057
    },
    "recall": {
      "positive": 0.8026666666666666,
      "negative": 0.5633333333333334
    },
    "f1Score": {
      "positive": 0.806970509383378,
      "negative": 0.701827242524917
    },
    "totalSamples": 3000,
    "correctPredictions": 2049,
    "neutralStats": {
      "total": 608,
      "missedPositives": 233,
      "missedNegatives": 375,
      "percentage": 20.266666666666666,
      "trueNeutrals": null
    }
  },
  "twitterResults": {
    "datasetType": "twitter",
    "timeTaken": 910499,
    "accuracy": 0.5333692437368764,
    "precision": {
      "positive": 0.663526230394808,
      "negative": 0.7691697067963789,
      "neutral": 0.001146577670399869
    },
    "recall": {
      "positive": 0.6123094736631963,
      "negative": 0.4546053485330964,
      "neutral": 0.4028776978417266
    },
    "f1Score": {
      "positive": 0.6368898371514746,
      "negative": 0.5714590457069361,
      "neutral": 0.002286647611269906
    },
    "totalSamples": 200499,
    "correctPredictions": 106940,
    "neutralStats": {
      "total": 48841,
      "missedPositives": 25209,
      "missedNegatives": 23576,
      "percentage": 24.359722492381508,
      "trueNeutrals": 56
    }
  },
  "additionalResults": {
    "datasetType": "additional",
    "timeTaken": 25554,
    "accuracy": 0.6301080746697718,
    "precision": {
      "positive": 0.5656656207978485,
      "negative": 0.6637763685777145,
      "neutral": 0.7247173366834171
    },
    "recall": {
      "positive": 0.8823118154276393,
      "negative": 0.659169772522812,
      "neutral": 0.4150926425616118
    },
    "f1Score": {
      "positive": 0.6893663510560816,
      "negative": 0.6614650502966211,
      "neutral": 0.5278508521102596
    },
    "totalSamples": 27481,
    "correctPredictions": 17316,
    "neutralStats": {
      "total": 6368,
      "missedPositives": 600,
      "missedNegatives": 1153,
      "percentage": 23.172373639969436,
      "trueNeutrals": 4615
    }
  }
}